[{"model": "core.grade", "pk": 1, "fields": {"class_name": 8, "section": "A"}}, {"model": "core.grade", "pk": 2, "fields": {"class_name": 9, "section": "A"}}, {"model": "core.grade", "pk": 3, "fields": {"class_name": 10, "section": "A"}}, {"model": "core.grade", "pk": 4, "fields": {"class_name": 11, "section": "A"}}, {"model": "core.grade", "pk": 5, "fields": {"class_name": 12, "section": "A"}}, {"model": "core.grade", "pk": 6, "fields": {"class_name": 11, "section": "B"}}, {"model": "core.grade", "pk": 7, "fields": {"class_name": 12, "section": "B"}}, {"model": "core.subject", "pk": 1, "fields": {"subject_name": "Physics I", "subject_code": "PH200", "grade": 4, "description": "Physics Part I"}}, {"model": "core.subject", "pk": 2, "fields": {"subject_name": "Physics II", "subject_code": "PH201", "grade": 5, "description": "Physics Part II"}}, {"model": "core.subject", "pk": 3, "fields": {"subject_name": "Chemistry I", "subject_code": "CH300", "grade": 4, "description": "Chemistry Part I"}}, {"model": "core.subject", "pk": 4, "fields": {"subject_name": "Chemistry II", "subject_code": "CH301", "grade": 5, "description": "Chemistry Part 2"}}, {"model": "core.subject", "pk": 5, "fields": {"subject_name": "Biology I", "subject_code": "BI400", "grade": 4, "description": "Biology Part I"}}, {"model": "core.subject", "pk": 6, "fields": {"subject_name": "Biology II", "subject_code": "BI401", "grade": 5, "description": "Biology Part 2"}}, {"model": "core.subject", "pk": 7, "fields": {"subject_name": "English I", "subject_code": "EN500", "grade": 4, "description": "English Part 1"}}, {"model": "core.subject", "pk": 8, "fields": {"subject_name": "English II", "subject_code": "EN501", "grade": 5, "description": "English Part 2"}}, {"model": "core.subject", "pk": 9, "fields": {"subject_name": "Mathematics I", "subject_code": "MT600", "grade": 4, "description": "Mathematics I"}}, {"model": "core.subject", "pk": 10, "fields": {"subject_name": "Mathematics II", "subject_code": "MT601", "grade": 5, "description": "Mathematics II"}}, {"model": "core.subject", "pk": 11, "fields": {"subject_name": "Economics I", "subject_code": "ECO150", "grade": 6, "description": "Economics Part I"}}, {"model": "core.subject", "pk": 12, "fields": {"subject_name": "Economics II", "subject_code": "ECO151", "grade": 7, "description": "Economics Part 2"}}, {"model": "core.subject", "pk": 13, "fields": {"subject_name": "Computer I", "subject_code": "COM250", "grade": 6, "description": "Computer Part 1"}}, {"model": "core.subject", "pk": 14, "fields": {"subject_name": "Computer II", "subject_code": "COM251", "grade": 7, "description": "Computer Part 2"}}, {"model": "core.subject", "pk": 15, "fields": {"subject_name": "Accounting I", "subject_code": "AC350", "grade": 6, "description": "Accounting Part 1"}}, {"model": "core.subject", "pk": 16, "fields": {"subject_name": "Accounting II", "subject_code": "AC 351", "grade": 7, "description": "Accounting Part 2"}}, {"model": "core.subject", "pk": 17, "fields": {"subject_name": "Business Mathematics I", "subject_code": "BM450", "grade": 6, "description": "Business Mathematics Part 1"}}, {"model": "core.subject", "pk": 18, "fields": {"subject_name": "Business Mathematics II", "subject_code": "BM451", "grade": 7, "description": "Business Mathematics Part 2"}}, {"model": "core.student", "pk": 1, "fields": {"SRN": "S001", "user": 10, "first_name": "Aashish", "middle_name": "", "last_name": "Rimal", "DOB": "1999-01-01", "address": "Pokhara", "contact_no": "9800100000", "current_grade": 4, "gender": "Male"}}, {"model": "core.student", "pk": 2, "fields": {"SRN": "S002", "user": 11, "first_name": "Agesh", "middle_name": "Bahadur", "last_name": "Thapa", "DOB": "1999-01-02", "address": "Pokhara", "contact_no": "9800100001", "current_grade": 4, "gender": "Male"}}, {"model": "core.student", "pk": 3, "fields": {"SRN": "S003", "user": 12, "first_name": "Ajay", "middle_name": "", "last_name": "Chaudary", "DOB": "1999-01-03", "address": "Pokhara", "contact_no": "9800100002", "current_grade": 4, "gender": "Male"}}, {"model": "core.student", "pk": 4, "fields": {"SRN": "S004", "user": 13, "first_name": "Anup", "middle_name": "", "last_name": "Adhikari", "DOB": "1999-01-04", "address": "Pokhara", "contact_no": "9800100003", "current_grade": 4, "gender": "Male"}}, {"model": "core.student", "pk": 5, "fields": {"SRN": "S005", "user": 14, "first_name": "Anup", "middle_name": "", "last_name": "Giri", "DOB": "1999-01-05", "address": "Pokhara", "contact_no": "9800100004", "current_grade": 4, "gender": "Male"}}, {"model": "core.student", "pk": 6, "fields": {"SRN": "S006", "user": 15, "first_name": "Bidhya", "middle_name": "", "last_name": "Poudel", "DOB": "1999-01-06", "address": "Pokhara", "contact_no": "9800100005", "current_grade": 4, "gender": "Female"}}, {"model": "core.student", "pk": 7, "fields": {"SRN": "S007", "user": 16, "first_name": "Bishal", "middle_name": "", "last_name": "Poudel", "DOB": "1999-01-07", "address": "Arghakhanchi", "contact_no": "9800100006", "current_grade": 4, "gender": "Male"}}, {"model": "core.student", "pk": 8, "fields": {"SRN": "S008", "user": 17, "first_name": "Bibek", "middle_name": "", "last_name": "Chalise", "DOB": "1999-01-08", "address": "Sauraha", "contact_no": "9800100007", "current_grade": 4, "gender": "Male"}}, {"model": "core.student", "pk": 9, "fields": {"SRN": "S009", "user": 18, "first_name": "Daya", "middle_name": "Raj", "last_name": "Dhungana", "DOB": "1999-01-09", "address": "Palpa", "contact_no": "9800100008", "current_grade": 4, "gender": "Male"}}, {"model": "core.student", "pk": 10, "fields": {"SRN": "S010", "user": 19, "first_name": "Dhurba", "middle_name": "", "last_name": "Baral", "DOB": "1999-01-10", "address": "Pokhara", "contact_no": "9800100009", "current_grade": 4, "gender": "Male"}}, {"model": "core.student", "pk": 11, "fields": {"SRN": "S011", "user": 20, "first_name": "Dipendra", "middle_name": "", "last_name": "Neupane", "DOB": "1999-01-11", "address": "Pokhara", "contact_no": "9800100010", "current_grade": 4, "gender": "Male"}}, {"model": "core.student", "pk": 12, "fields": {"SRN": "S012", "user": 21, "first_name": "Eldrin", "middle_name": "", "last_name": "Gurung", "DOB": "1999-01-12", "address": "Pokhara", "contact_no": "9800100011", "current_grade": 4, "gender": "Male"}}, {"model": "core.student", "pk": 13, "fields": {"SRN": "S013", "user": 22, "first_name": "Nitesh", "middle_name": "", "last_name": "Pokhrel", "DOB": "1999-01-13", "address": "Pokhara", "contact_no": "9800100012", "current_grade": 5, "gender": "Male"}}, {"model": "core.student", "pk": 14, "fields": {"SRN": "S014", "user": 23, "first_name": "Nabin", "middle_name": "", "last_name": "Shrestha", "DOB": "1999-01-14", "address": "Pokhara", "contact_no": "9800100013", "current_grade": 5, "gender": "Male"}}, {"model": "core.student", "pk": 15, "fields": {"SRN": "S015", "user": 24, "first_name": "Om", "middle_name": "", "last_name": "Sharma", "DOB": "1999-01-15", "address": "Pokhara", "contact_no": "9800100014", "current_grade": 5, "gender": "Male"}}, {"model": "core.student", "pk": 16, "fields": {"SRN": "S016", "user": 25, "first_name": "Om", "middle_name": "Prakash", "last_name": "Tharu", "DOB": "1999-01-16", "address": "Butwal", "contact_no": "9800100015", "current_grade": 5, "gender": "Male"}}, {"model": "core.student", "pk": 17, "fields": {"SRN": "S017", "user": 26, "first_name": "Pallavi", "middle_name": "", "last_name": "Pandey", "DOB": "1999-01-17", "address": "Pokhara", "contact_no": "9800100016", "current_grade": 5, "gender": "Female"}}, {"model": "core.student", "pk": 18, "fields": {"SRN": "S018", "user": 27, "first_name": "Prashamsha", "middle_name": "", "last_name": "Poudel", "DOB": "1999-01-18", "address": "Pokhara", "contact_no": "9800100017", "current_grade": 5, "gender": "Female"}}, {"model": "core.student", "pk": 19, "fields": {"SRN": "S019", "user": 28, "first_name": "Roshan", "middle_name": "", "last_name": "KC", "DOB": "1999-01-19", "address": "Pokhara", "contact_no": "9800100018", "current_grade": 5, "gender": "Male"}}, {"model": "core.student", "pk": 20, "fields": {"SRN": "S020", "user": 29, "first_name": "Rajan", "middle_name": "", "last_name": "Devkota", "DOB": "1999-01-20", "address": "Pokhara", "contact_no": "9800100019", "current_grade": 5, "gender": "Male"}}, {"model": "core.student", "pk": 21, "fields": {"SRN": "S021", "user": 30, "first_name": "Suresh", "middle_name": "", "last_name": "Pantha", "DOB": "1999-01-21", "address": "Damauli", "contact_no": "9800100020", "current_grade": 5, "gender": "Male"}}, {"model": "core.student", "pk": 22, "fields": {"SRN": "S022", "user": 31, "first_name": "Sulabh", "middle_name": "", "last_name": "Ghimire", "DOB": "1999-01-22", "address": "Lamjung", "contact_no": "9800100021", "current_grade": 5, "gender": "Male"}}, {"model": "core.student", "pk": 32, "fields": {"SRN": "S023", "user": 33, "first_name": "Rasmi", "middle_name": "", "last_name": "Bhattrai", "DOB": "1999-01-01", "address": "Damauli", "contact_no": "9801001100", "current_grade": 4, "gender": "Female"}}, {"model": "core.parent", "pk": 1, "fields": {"student": 7, "father_name": "Madhav Poudel", "mother_name": "Chamakala Poudel", "parent_address": "Arghakhanchi", "parent_state": "4", "parent_contact_no": "9846184633", "parent_additional_contact_no": "9846760698", "parent_email": "poudelb172@gmail.com"}}, {"model": "core.teacher", "pk": 1, "fields": {"TRN": "T001", "user": 4, "first_name": "Suresh", "middle_name": "", "last_name": "Timilsina", "DOB": "1990-01-01", "address": "Lamachaur", "contact_no": "9800000004", "gender": "Male"}}, {"model": "core.teacher", "pk": 2, "fields": {"TRN": "T002", "user": 5, "first_name": "John", "middle_name": "", "last_name": "Doe", "DOB": "1990-01-01", "address": "Pokhara", "contact_no": "9800000005", "gender": "Male"}}, {"model": "core.teacher", "pk": 3, "fields": {"TRN": "T003", "user": 6, "first_name": "Hari", "middle_name": "Prasad", "last_name": "Baral", "DOB": "1990-01-01", "address": "Kathamandu", "contact_no": "9800000000", "gender": "Male"}}, {"model": "core.teacher", "pk": 4, "fields": {"TRN": "T004", "user": 7, "first_name": "Sita", "middle_name": "Ram", "last_name": "Pokhrel", "DOB": "1990-01-01", "address": "Lamachaur", "contact_no": "9800000001", "gender": "Male"}}, {"model": "core.teacher", "pk": 5, "fields": {"TRN": "T005", "user": 8, "first_name": "Urbara", "middle_name": "", "last_name": "Bhandari", "DOB": "1990-01-01", "address": "Pokhara-16", "contact_no": "9800000002", "gender": "Female"}}, {"model": "core.teacher", "pk": 6, "fields": {"TRN": "T006", "user": 9, "first_name": "Menuka", "middle_name": "", "last_name": "Karki", "DOB": "1991-01-01", "address": "Lamjung", "contact_no": "9800000006", "gender": "Female"}}, {"model": "core.teacher", "pk": 9, "fields": {"TRN": "T007", "user": 37, "first_name": "Anu", "middle_name": "", "last_name": "Adhikari", "DOB": "2022-05-05", "address": "Kathamandu", "contact_no": "9805001100", "gender": "Female"}}, {"model": "core.assignteachertosubjects", "pk": 1, "fields": {"teacher": 6, "grade": 4, "subject": 5}}, {"model": "core.assignteachertosubjects", "pk": 2, "fields": {"teacher": 2, "grade": 4, "subject": 3}}, {"model": "core.assignteachertosubjects", "pk": 3, "fields": {"teacher": 3, "grade": 4, "subject": 7}}, {"model": "core.assignteachertosubjects", "pk": 4, "fields": {"teacher": 1, "grade": 4, "subject": 9}}, {"model": "core.assignteachertosubjects", "pk": 5, "fields": {"teacher": 5, "grade": 4, "subject": 1}}, {"model": "core.assignteachertosubjects", "pk": 6, "fields": {"teacher": 6, "grade": 5, "subject": 6}}, {"model": "core.assignteachertosubjects", "pk": 7, "fields": {"teacher": 2, "grade": 5, "subject": 4}}, {"model": "core.assignteachertosubjects", "pk": 8, "fields": {"teacher": 3, "grade": 5, "subject": 8}}, {"model": "core.assignteachertosubjects", "pk": 9, "fields": {"teacher": 1, "grade": 5, "subject": 10}}, {"model": "core.assignteachertosubjects", "pk": 10, "fields": {"teacher": 5, "grade": 5, "subject": 2}}, {"model": "core.assignteachertosubjects", "pk": 11, "fields": {"teacher": 1, "grade": 7, "subject": 18}}, {"model": "core.assignteachertosubjects", "pk": 12, "fields": {"teacher": 9, "grade": 5, "subject": 6}}, {"model": "core.adminannouncement", "pk": 5, "fields": {"type": "Academic", "title": "Welcome!", "details": "Welcome to Class Management System.", "created_by": 1, "created_at": "2022-05-05T12:15:14Z", "announcement_for": "all", "files_by_admin": ""}}, {"model": "core.adminannouncement", "pk": 8, "fields": {"type": "Academic", "title": "Admission Open", "details": "Admission for new students will begin from 2022-06-22 to 2022-07-03. Kindly inform the relevant upcoming students.", "created_by": 1, "created_at": "2022-05-05T12:15:14Z", "announcement_for": "all", "files_by_admin": "admin_announcements/Admission_Open.pdf"}}, {"model": "core.adminannouncement", "pk": 16, "fields": {"type": "Admistration", "title": "Thank You", "details": "It's such a pleasure to have all of you in the meeting. See you at the next meeting.", "created_by": 1, "created_at": "2022-05-08T16:21:02.395Z", "announcement_for": "teachers", "files_by_admin": ""}}, {"model": "core.teachersannouncement", "pk": 1, "fields": {"title": "Assessment", "details": "Here are the marks for the assessment.", "created_by": 5, "created_at": "2022-05-05T16:58:24.651Z", "announcement_for_class": 4, "files_by_teachers": "teacher_announcements/assignment.jpg"}}, {"model": "core.teachersannouncement", "pk": 2, "fields": {"title": "Attention", "details": "All Students are requested to give me attention.", "created_by": 8, "created_at": "2022-05-05T17:01:10.267Z", "announcement_for_class": 5, "files_by_teachers": ""}}, {"model": "core.teachersannouncement", "pk": 3, "fields": {"title": "Assessment II", "details": "Be ready for next Assessment of Chemistry on Jestha 4, 2079", "created_by": 5, "created_at": "2022-05-05T17:15:38.999Z", "announcement_for_class": 4, "files_by_teachers": ""}}, {"model": "core.givenassignments", "pk": 1, "fields": {"title": "Chapter 1", "subject": 3, "instructions": "Do question answers of chapter 1 in hard copy. (Make proper notes)", "created_by": 5, "created_at": "2022-05-05T12:42:53.675Z", "date_due": "2022-05-24", "time_due": "23:59:00", "for_grade": 4, "related_files": ""}}, {"model": "core.givenassignments", "pk": 2, "fields": {"title": "Chapter 2", "subject": 1, "instructions": "Do chapter 2 completely", "created_by": 8, "created_at": "2022-05-05T12:52:35.101Z", "date_due": "2022-05-05", "time_due": "18:37:27", "for_grade": 4, "related_files": ""}}, {"model": "core.givenassignments", "pk": 4, "fields": {"title": "Chapter 2", "subject": 2, "instructions": "Do chapter 2 question and answers", "created_by": 8, "created_at": "2022-05-06T08:12:52.569Z", "date_due": "2022-05-28", "time_due": "01:58:00", "for_grade": 5, "related_files": ""}}, {"model": "core.submittedassignments", "pk": 1, "fields": {"student": 18, "assignment": 1, "created_at": "2022-05-05T13:00:43.684Z", "submitted_files": "submitted_assignments/student.csv"}}, {"model": "core.submittedassignments", "pk": 2, "fields": {"student": 16, "assignment": 1, "created_at": "2022-05-06T08:18:34.432Z", "submitted_files": "submitted_assignments/assessment.jpg"}}, {"model": "core.lecturenotes", "pk": 1, "fields": {"title": "Chapter 1", "description": "Lecture Note of Chapter 1", "grade": 4, "subject": 3, "notes_files": "lecture_notes/DownloadPdf_2_KzpQTw9.pdf", "teacher": 2}}, {"model": "core.lecturenotes", "pk": 3, "fields": {"title": "Chapter 1", "description": "Lecture Notes of Chapter 1", "grade": 5, "subject": 2, "notes_files": "lecture_notes/DownloadPdf_Dy5UBip.pdf", "teacher": 5}}, {"model": "core.attendance", "pk": 1, "fields": {"student": 1, "teacher": 2, "subject": 3, "date": "2022-05-04", "grade": 4, "attendance_status": "PRESENT"}}, {"model": "core.attendance", "pk": 2, "fields": {"student": 2, "teacher": 2, "subject": 3, "date": "2022-05-04", "grade": 4, "attendance_status": "ABSENT"}}, {"model": "core.attendance", "pk": 3, "fields": {"student": 3, "teacher": 2, "subject": 3, "date": "2022-05-04", "grade": 4, "attendance_status": "PRESENT"}}, {"model": "core.attendance", "pk": 4, "fields": {"student": 4, "teacher": 2, "subject": 3, "date": "2022-05-04", "grade": 4, "attendance_status": "ABSENT"}}, {"model": "core.attendance", "pk": 5, "fields": {"student": 5, "teacher": 2, "subject": 3, "date": "2022-05-04", "grade": 4, "attendance_status": "PRESENT"}}, {"model": "core.attendance", "pk": 6, "fields": {"student": 6, "teacher": 2, "subject": 3, "date": "2022-05-04", "grade": 4, "attendance_status": "PRESENT"}}, {"model": "core.attendance", "pk": 7, "fields": {"student": 7, "teacher": 2, "subject": 3, "date": "2022-05-04", "grade": 4, "attendance_status": "ABSENT"}}, {"model": "core.attendance", "pk": 8, "fields": {"student": 8, "teacher": 2, "subject": 3, "date": "2022-05-04", "grade": 4, "attendance_status": "ABSENT"}}, {"model": "core.attendance", "pk": 9, "fields": {"student": 9, "teacher": 2, "subject": 3, "date": "2022-05-04", "grade": 4, "attendance_status": "PRESENT"}}, {"model": "core.attendance", "pk": 10, "fields": {"student": 10, "teacher": 2, "subject": 3, "date": "2022-05-04", "grade": 4, "attendance_status": "ABSENT"}}, {"model": "core.attendance", "pk": 21, "fields": {"student": 1, "teacher": 2, "subject": 3, "date": "2022-05-05", "grade": 4, "attendance_status": "PRESENT"}}, {"model": "core.attendance", "pk": 22, "fields": {"student": 2, "teacher": 2, "subject": 3, "date": "2022-05-05", "grade": 4, "attendance_status": "PRESENT"}}, {"model": "core.attendance", "pk": 23, "fields": {"student": 3, "teacher": 2, "subject": 3, "date": "2022-05-05", "grade": 4, "attendance_status": "ABSENT"}}, {"model": "core.attendance", "pk": 24, "fields": {"student": 4, "teacher": 2, "subject": 3, "date": "2022-05-05", "grade": 4, "attendance_status": "PRESENT"}}, {"model": "core.attendance", "pk": 25, "fields": {"student": 5, "teacher": 2, "subject": 3, "date": "2022-05-05", "grade": 4, "attendance_status": "PRESENT"}}, {"model": "core.attendance", "pk": 26, "fields": {"student": 6, "teacher": 2, "subject": 3, "date": "2022-05-05", "grade": 4, "attendance_status": "ABSENT"}}, {"model": "core.attendance", "pk": 27, "fields": {"student": 7, "teacher": 2, "subject": 3, "date": "2022-05-05", "grade": 4, "attendance_status": "PRESENT"}}, {"model": "core.attendance", "pk": 28, "fields": {"student": 8, "teacher": 2, "subject": 3, "date": "2022-05-05", "grade": 4, "attendance_status": "PRESENT"}}, {"model": "core.attendance", "pk": 29, "fields": {"student": 9, "teacher": 2, "subject": 3, "date": "2022-05-05", "grade": 4, "attendance_status": "PRESENT"}}, {"model": "core.attendance", "pk": 30, "fields": {"student": 10, "teacher": 2, "subject": 3, "date": "2022-05-05", "grade": 4, "attendance_status": "PRESENT"}}, {"model": "core.attendance", "pk": 31, "fields": {"student": 11, "teacher": 2, "subject": 3, "date": "2022-05-05", "grade": 4, "attendance_status": "PRESENT"}}, {"model": "core.attendance", "pk": 32, "fields": {"student": 12, "teacher": 2, "subject": 3, "date": "2022-05-05", "grade": 4, "attendance_status": "ABSENT"}}, {"model": "core.attendance", "pk": 33, "fields": {"student": 32, "teacher": 2, "subject": 3, "date": "2022-05-05", "grade": 4, "attendance_status": "ABSENT"}}, {"model": "core.attendance", "pk": 34, "fields": {"student": 1, "teacher": 5, "subject": 1, "date": "2022-05-05", "grade": 4, "attendance_status": "PRESENT"}}, {"model": "core.attendance", "pk": 35, "fields": {"student": 2, "teacher": 5, "subject": 1, "date": "2022-05-05", "grade": 4, "attendance_status": "PRESENT"}}, {"model": "core.attendance", "pk": 36, "fields": {"student": 3, "teacher": 5, "subject": 1, "date": "2022-05-05", "grade": 4, "attendance_status": "PRESENT"}}, {"model": "core.attendance", "pk": 37, "fields": {"student": 4, "teacher": 5, "subject": 1, "date": "2022-05-05", "grade": 4, "attendance_status": "ABSENT"}}, {"model": "core.attendance", "pk": 38, "fields": {"student": 5, "teacher": 5, "subject": 1, "date": "2022-05-05", "grade": 4, "attendance_status": "ABSENT"}}, {"model": "core.attendance", "pk": 39, "fields": {"student": 6, "teacher": 5, "subject": 1, "date": "2022-05-05", "grade": 4, "attendance_status": "PRESENT"}}, {"model": "core.attendance", "pk": 40, "fields": {"student": 7, "teacher": 5, "subject": 1, "date": "2022-05-05", "grade": 4, "attendance_status": "PRESENT"}}, {"model": "core.attendance", "pk": 41, "fields": {"student": 8, "teacher": 5, "subject": 1, "date": "2022-05-05", "grade": 4, "attendance_status": "ABSENT"}}, {"model": "core.attendance", "pk": 42, "fields": {"student": 9, "teacher": 5, "subject": 1, "date": "2022-05-05", "grade": 4, "attendance_status": "ABSENT"}}, {"model": "core.attendance", "pk": 43, "fields": {"student": 10, "teacher": 5, "subject": 1, "date": "2022-05-05", "grade": 4, "attendance_status": "PRESENT"}}, {"model": "core.attendance", "pk": 44, "fields": {"student": 11, "teacher": 5, "subject": 1, "date": "2022-05-05", "grade": 4, "attendance_status": "PRESENT"}}, {"model": "core.attendance", "pk": 45, "fields": {"student": 12, "teacher": 5, "subject": 1, "date": "2022-05-05", "grade": 4, "attendance_status": "PRESENT"}}, {"model": "core.attendance", "pk": 46, "fields": {"student": 32, "teacher": 5, "subject": 1, "date": "2022-05-05", "grade": 4, "attendance_status": "PRESENT"}}, {"model": "core.attendance", "pk": 47, "fields": {"student": 1, "teacher": 2, "subject": 3, "date": "2022-05-06", "grade": 4, "attendance_status": "PRESENT"}}, {"model": "core.attendance", "pk": 48, "fields": {"student": 2, "teacher": 2, "subject": 3, "date": "2022-05-06", "grade": 4, "attendance_status": "ABSENT"}}, {"model": "core.attendance", "pk": 49, "fields": {"student": 3, "teacher": 2, "subject": 3, "date": "2022-05-06", "grade": 4, "attendance_status": "PRESENT"}}, {"model": "core.attendance", "pk": 50, "fields": {"student": 4, "teacher": 2, "subject": 3, "date": "2022-05-06", "grade": 4, "attendance_status": "ABSENT"}}, {"model": "core.attendance", "pk": 51, "fields": {"student": 5, "teacher": 2, "subject": 3, "date": "2022-05-06", "grade": 4, "attendance_status": "PRESENT"}}, {"model": "core.attendance", "pk": 52, "fields": {"student": 6, "teacher": 2, "subject": 3, "date": "2022-05-06", "grade": 4, "attendance_status": "ABSENT"}}, {"model": "core.attendance", "pk": 53, "fields": {"student": 7, "teacher": 2, "subject": 3, "date": "2022-05-06", "grade": 4, "attendance_status": "PRESENT"}}, {"model": "core.attendance", "pk": 54, "fields": {"student": 8, "teacher": 2, "subject": 3, "date": "2022-05-06", "grade": 4, "attendance_status": "ABSENT"}}, {"model": "core.attendance", "pk": 55, "fields": {"student": 9, "teacher": 2, "subject": 3, "date": "2022-05-06", "grade": 4, "attendance_status": "ABSENT"}}, {"model": "core.attendance", "pk": 56, "fields": {"student": 10, "teacher": 2, "subject": 3, "date": "2022-05-06", "grade": 4, "attendance_status": "PRESENT"}}, {"model": "core.attendance", "pk": 57, "fields": {"student": 11, "teacher": 2, "subject": 3, "date": "2022-05-06", "grade": 4, "attendance_status": "ABSENT"}}, {"model": "core.attendance", "pk": 58, "fields": {"student": 12, "teacher": 2, "subject": 3, "date": "2022-05-06", "grade": 4, "attendance_status": "PRESENT"}}, {"model": "core.attendance", "pk": 59, "fields": {"student": 32, "teacher": 2, "subject": 3, "date": "2022-05-06", "grade": 4, "attendance_status": "PRESENT"}}, {"model": "core.attendance", "pk": 60, "fields": {"student": 1, "teacher": 2, "subject": 3, "date": "2022-05-07", "grade": 4, "attendance_status": "PRESENT"}}, {"model": "core.attendance", "pk": 61, "fields": {"student": 2, "teacher": 2, "subject": 3, "date": "2022-05-07", "grade": 4, "attendance_status": "ABSENT"}}, {"model": "core.attendance", "pk": 62, "fields": {"student": 3, "teacher": 2, "subject": 3, "date": "2022-05-07", "grade": 4, "attendance_status": "PRESENT"}}, {"model": "core.attendance", "pk": 63, "fields": {"student": 4, "teacher": 2, "subject": 3, "date": "2022-05-07", "grade": 4, "attendance_status": "PRESENT"}}, {"model": "core.attendance", "pk": 64, "fields": {"student": 5, "teacher": 2, "subject": 3, "date": "2022-05-07", "grade": 4, "attendance_status": "PRESENT"}}, {"model": "core.attendance", "pk": 65, "fields": {"student": 6, "teacher": 2, "subject": 3, "date": "2022-05-07", "grade": 4, "attendance_status": "PRESENT"}}, {"model": "core.attendance", "pk": 66, "fields": {"student": 7, "teacher": 2, "subject": 3, "date": "2022-05-07", "grade": 4, "attendance_status": "PRESENT"}}, {"model": "core.attendance", "pk": 67, "fields": {"student": 8, "teacher": 2, "subject": 3, "date": "2022-05-07", "grade": 4, "attendance_status": "ABSENT"}}, {"model": "core.attendance", "pk": 68, "fields": {"student": 9, "teacher": 2, "subject": 3, "date": "2022-05-07", "grade": 4, "attendance_status": "PRESENT"}}, {"model": "core.attendance", "pk": 69, "fields": {"student": 10, "teacher": 2, "subject": 3, "date": "2022-05-07", "grade": 4, "attendance_status": "PRESENT"}}, {"model": "core.attendance", "pk": 70, "fields": {"student": 11, "teacher": 2, "subject": 3, "date": "2022-05-07", "grade": 4, "attendance_status": "ABSENT"}}, {"model": "core.attendance", "pk": 71, "fields": {"student": 12, "teacher": 2, "subject": 3, "date": "2022-05-07", "grade": 4, "attendance_status": "PRESENT"}}, {"model": "core.attendance", "pk": 72, "fields": {"student": 32, "teacher": 2, "subject": 3, "date": "2022-05-07", "grade": 4, "attendance_status": "PRESENT"}}, {"model": "core.attendance", "pk": 73, "fields": {"student": 13, "teacher": 2, "subject": 4, "date": "2022-05-08", "grade": 5, "attendance_status": "PRESENT"}}, {"model": "core.attendance", "pk": 74, "fields": {"student": 14, "teacher": 2, "subject": 4, "date": "2022-05-08", "grade": 5, "attendance_status": "PRESENT"}}, {"model": "core.attendance", "pk": 75, "fields": {"student": 15, "teacher": 2, "subject": 4, "date": "2022-05-08", "grade": 5, "attendance_status": "ABSENT"}}, {"model": "core.attendance", "pk": 76, "fields": {"student": 16, "teacher": 2, "subject": 4, "date": "2022-05-08", "grade": 5, "attendance_status": "PRESENT"}}, {"model": "core.attendance", "pk": 77, "fields": {"student": 17, "teacher": 2, "subject": 4, "date": "2022-05-08", "grade": 5, "attendance_status": "PRESENT"}}, {"model": "core.attendance", "pk": 78, "fields": {"student": 18, "teacher": 2, "subject": 4, "date": "2022-05-08", "grade": 5, "attendance_status": "ABSENT"}}, {"model": "core.attendance", "pk": 79, "fields": {"student": 19, "teacher": 2, "subject": 4, "date": "2022-05-08", "grade": 5, "attendance_status": "PRESENT"}}, {"model": "core.attendance", "pk": 80, "fields": {"student": 20, "teacher": 2, "subject": 4, "date": "2022-05-08", "grade": 5, "attendance_status": "PRESENT"}}, {"model": "core.attendance", "pk": 81, "fields": {"student": 21, "teacher": 2, "subject": 4, "date": "2022-05-08", "grade": 5, "attendance_status": "PRESENT"}}, {"model": "core.attendance", "pk": 82, "fields": {"student": 22, "teacher": 2, "subject": 4, "date": "2022-05-08", "grade": 5, "attendance_status": "PRESENT"}}, {"model": "core.timetable", "pk": 1, "fields": {"day": "Sunday", "startTime": "10:05:00", "endTime": "11:35:00", "assigned": 5}}, {"model": "core.timetable", "pk": 2, "fields": {"day": "Sunday", "startTime": "11:35:00", "endTime": "12:20:00", "assigned": 1}}, {"model": "core.timetable", "pk": 3, "fields": {"day": "Sunday", "startTime": "00:20:00", "endTime": "13:05:00", "assigned": 2}}, {"model": "core.timetable", "pk": 4, "fields": {"day": "Sunday", "startTime": "13:35:00", "endTime": "14:20:00", "assigned": 3}}, {"model": "core.timetable", "pk": 5, "fields": {"day": "Sunday", "startTime": "14:20:00", "endTime": "15:10:00", "assigned": 4}}, {"model": "core.timetable", "pk": 6, "fields": {"day": "Monday", "startTime": "10:05:00", "endTime": "11:35:00", "assigned": 5}}, {"model": "core.timetable", "pk": 7, "fields": {"day": "Monday", "startTime": "11:35:00", "endTime": "12:20:00", "assigned": 1}}, {"model": "core.timetable", "pk": 8, "fields": {"day": "Monday", "startTime": "00:20:00", "endTime": "13:05:00", "assigned": 2}}, {"model": "core.timetable", "pk": 9, "fields": {"day": "Monday", "startTime": "13:35:00", "endTime": "14:20:00", "assigned": 3}}, {"model": "core.timetable", "pk": 10, "fields": {"day": "Monday", "startTime": "14:20:00", "endTime": "15:10:00", "assigned": 4}}, {"model": "core.timetable", "pk": 11, "fields": {"day": "Tuesday", "startTime": "10:05:00", "endTime": "11:35:00", "assigned": 5}}, {"model": "core.timetable", "pk": 12, "fields": {"day": "Tuesday", "startTime": "11:35:00", "endTime": "12:20:00", "assigned": 1}}, {"model": "core.timetable", "pk": 13, "fields": {"day": "Tuesday", "startTime": "00:20:00", "endTime": "13:05:00", "assigned": 2}}, {"model": "core.timetable", "pk": 14, "fields": {"day": "Tuesday", "startTime": "13:35:00", "endTime": "14:20:00", "assigned": 3}}, {"model": "core.timetable", "pk": 15, "fields": {"day": "Tuesday", "startTime": "14:20:00", "endTime": "15:10:00", "assigned": 4}}, {"model": "core.timetable", "pk": 16, "fields": {"day": "Wednesday", "startTime": "10:05:00", "endTime": "11:35:00", "assigned": 5}}, {"model": "core.timetable", "pk": 17, "fields": {"day": "Wednesday", "startTime": "11:35:00", "endTime": "12:20:00", "assigned": 1}}, {"model": "core.timetable", "pk": 18, "fields": {"day": "Wednesday", "startTime": "00:20:00", "endTime": "13:05:00", "assigned": 2}}, {"model": "core.timetable", "pk": 19, "fields": {"day": "Wednesday", "startTime": "13:35:00", "endTime": "14:20:00", "assigned": 3}}, {"model": "core.timetable", "pk": 20, "fields": {"day": "Wednesday", "startTime": "14:20:00", "endTime": "15:10:00", "assigned": 4}}, {"model": "core.timetable", "pk": 21, "fields": {"day": "Thursday", "startTime": "10:05:00", "endTime": "11:35:00", "assigned": 5}}, {"model": "core.timetable", "pk": 22, "fields": {"day": "Thursday", "startTime": "11:35:00", "endTime": "12:20:00", "assigned": 1}}, {"model": "core.timetable", "pk": 23, "fields": {"day": "Thursday", "startTime": "00:20:00", "endTime": "13:05:00", "assigned": 2}}, {"model": "core.timetable", "pk": 24, "fields": {"day": "Thursday", "startTime": "13:35:00", "endTime": "14:20:00", "assigned": 3}}, {"model": "core.timetable", "pk": 25, "fields": {"day": "Thursday", "startTime": "14:20:00", "endTime": "15:10:00", "assigned": 4}}, {"model": "core.timetable", "pk": 26, "fields": {"day": "Friday", "startTime": "10:05:00", "endTime": "11:35:00", "assigned": 5}}, {"model": "core.timetable", "pk": 27, "fields": {"day": "Friday", "startTime": "11:35:00", "endTime": "12:20:00", "assigned": 1}}, {"model": "core.timetable", "pk": 28, "fields": {"day": "Friday", "startTime": "00:20:00", "endTime": "13:05:00", "assigned": 2}}, {"model": "core.timetable", "pk": 29, "fields": {"day": "Friday", "startTime": "13:35:00", "endTime": "14:20:00", "assigned": 3}}, {"model": "core.timetable", "pk": 30, "fields": {"day": "Friday", "startTime": "14:20:00", "endTime": "15:10:00", "assigned": 4}}, {"model": "core.timetable", "pk": 32, "fields": {"day": "Monday", "startTime": "10:05:00", "endTime": "11:40:00", "assigned": 6}}]