[{"model": "core.grade", "pk": 5, "fields": {"class_name": 4, "section": "A"}}, {"model": "core.grade", "pk": 6, "fields": {"class_name": 5, "section": "A"}}, {"model": "core.grade", "pk": 7, "fields": {"class_name": 6, "section": "A"}}, {"model": "core.grade", "pk": 8, "fields": {"class_name": 7, "section": "A"}}, {"model": "core.grade", "pk": 9, "fields": {"class_name": 8, "section": "A"}}, {"model": "core.grade", "pk": 10, "fields": {"class_name": 9, "section": "A"}}, {"model": "core.grade", "pk": 11, "fields": {"class_name": 10, "section": "A"}}, {"model": "core.grade", "pk": 12, "fields": {"class_name": 11, "section": "A"}}, {"model": "core.grade", "pk": 13, "fields": {"class_name": 11, "section": "B"}}, {"model": "core.grade", "pk": 14, "fields": {"class_name": 11, "section": "C"}}, {"model": "core.grade", "pk": 15, "fields": {"class_name": 12, "section": "A"}}, {"model": "core.grade", "pk": 16, "fields": {"class_name": 12, "section": "B"}}, {"model": "core.grade", "pk": 19, "fields": {"class_name": 3, "section": "A"}}, {"model": "core.grade", "pk": 21, "fields": {"class_name": 13, "section": "A"}}, {"model": "core.grade", "pk": 22, "fields": {"class_name": 14, "section": "A"}}, {"model": "core.grade", "pk": 26, "fields": {"class_name": 5, "section": "B"}}, {"model": "core.grade", "pk": 27, "fields": {"class_name": 1, "section": "A"}}, {"model": "core.grade", "pk": 28, "fields": {"class_name": 14, "section": "B"}}, {"model": "core.grade", "pk": 29, "fields": {"class_name": 13, "section": "B"}}, {"model": "core.grade", "pk": 30, "fields": {"class_name": 13, "section": "C"}}, {"model": "core.grade", "pk": 31, "fields": {"class_name": 13, "section": "D"}}, {"model": "core.grade", "pk": 32, "fields": {"class_name": 2, "section": "A"}}, {"model": "core.grade", "pk": 33, "fields": {"class_name": 15, "section": "A"}}, {"model": "core.grade", "pk": 34, "fields": {"class_name": 1, "section": "B"}}, {"model": "core.subject", "pk": 2, "fields": {"subject_name": "DBMS", "subject_code": 202, "grade": 16, "description": "DBMS Subject"}}, {"model": "core.subject", "pk": 5, "fields": {"subject_name": "AI", "subject_code": 101, "grade": 13, "description": "AI Subject"}}, {"model": "core.subject", "pk": 6, "fields": {"subject_name": "OOAD Lab", "subject_code": 300, "grade": 16, "description": "Lab of OOAD"}}, {"model": "core.subject", "pk": 7, "fields": {"subject_name": "Embedded System", "subject_code": 302, "grade": 16, "description": "Embedded System Subjects"}}, {"model": "core.subject", "pk": 8, "fields": {"subject_name": "ES Lab", "subject_code": 303, "grade": 16, "description": "Embedded System Lab"}}, {"model": "core.subject", "pk": 9, "fields": {"subject_name": "OS Lab", "subject_code": 400, "grade": 16, "description": "132"}}, {"model": "core.subject", "pk": 10, "fields": {"subject_name": "DBMS LAB", "subject_code": 109, "grade": 16, "description": "LAB OF DBMS"}}, {"model": "core.subject", "pk": 11, "fields": {"subject_name": "Economics", "subject_code": 600, "grade": 16, "description": "Economics"}}, {"model": "core.subject", "pk": 12, "fields": {"subject_name": "AI Lab", "subject_code": 900, "grade": 16, "description": "Lab of Artificial Intelligence Will be Conducted As Soon as possible."}}, {"model": "core.subject", "pk": 32, "fields": {"subject_name": "OS", "subject_code": 50, "grade": 16, "description": "OS Subject Adding"}}, {"model": "core.subject", "pk": 33, "fields": {"subject_name": "OS", "subject_code": 51, "grade": 16, "description": "OS 51 jjh"}}, {"model": "core.subject", "pk": 34, "fields": {"subject_name": "Math", "subject_code": 3123, "grade": 13, "description": "Math"}}, {"model": "core.subject", "pk": 35, "fields": {"subject_name": "Science", "subject_code": 138, "grade": 12, "description": "Science"}}, {"model": "core.subject", "pk": 36, "fields": {"subject_name": "Social", "subject_code": 1235, "grade": 15, "description": "bjh"}}, {"model": "core.student", "pk": 2, "fields": {"SRN": "20", "user": 5, "first_name": "Paras", "middle_name": "", "last_name": "Panta", "DOB": "1999-06-25", "address": "Pokhara", "contact_no": "9815110375", "current_grade": 16, "gender": "Male"}}, {"model": "core.student", "pk": 4, "fields": {"SRN": "4", "user": 3, "first_name": "Mishan", "middle_name": "", "last_name": "Khatri", "DOB": "2000-01-01", "address": "Pokhara", "contact_no": "9898", "current_grade": 32, "gender": "Male"}}, {"model": "core.student", "pk": 7, "fields": {"SRN": "5", "user": 28, "first_name": "Hari", "middle_name": null, "last_name": "Poudel", "DOB": "2001-01-10", "address": "Pokhara", "contact_no": "9800100004", "current_grade": 16, "gender": "Male"}}, {"model": "core.student", "pk": 8, "fields": {"SRN": "6", "user": 29, "first_name": "Samrat", "middle_name": "", "last_name": "Tamrakar", "DOB": "2001-01-10", "address": "Pokhara", "contact_no": "9800100005", "current_grade": 10, "gender": "Male"}}, {"model": "core.student", "pk": 11, "fields": {"SRN": "9", "user": 10, "first_name": "Amrita", "middle_name": null, "last_name": "Bhandari", "DOB": "2008-01-10", "address": "Lalitpur", "contact_no": "9800100008", "current_grade": 16, "gender": "Female"}}, {"model": "core.student", "pk": 14, "fields": {"SRN": "2132", "user": 6, "first_name": "Kushal", "middle_name": "", "last_name": "Pangeni", "DOB": "2000-01-01", "address": "Butwal", "contact_no": "15489", "current_grade": 14, "gender": "Male"}}, {"model": "core.student", "pk": 15, "fields": {"SRN": "123", "user": 30, "first_name": "Student", "middle_name": null, "last_name": "Test", "DOB": "2000-01-01", "address": "Test", "contact_no": "132", "current_grade": 15, "gender": "Male"}}, {"model": "core.parent", "pk": 2, "fields": {"student": 2, "father_name": "Govinda Bahadur Panta", "mother_name": "Sunita Panta", "parent_address": "Lamjung", "parent_state": "Gandaki", "parent_contact_no": "9856086158", "parent_additional_contact_no": "0", "parent_email": "pantag531@gmail.com"}}, {"model": "core.parent", "pk": 4, "fields": {"student": 4, "father_name": "MishanFather", "mother_name": "MishanMother", "parent_address": "Pokhara", "parent_state": "Kaski", "parent_contact_no": "9856086158", "parent_additional_contact_no": "0", "parent_email": "pantag53@gmail.com"}}, {"model": "core.parent", "pk": 5, "fields": {"student": 7, "father_name": "Shailendra Poudel", "mother_name": "Sita Poudel", "parent_address": "Pokhara", "parent_state": "Gandaki", "parent_contact_no": "9801000004", "parent_additional_contact_no": "0", "parent_email": "Shailendra@gmail.com"}}, {"model": "core.parent", "pk": 6, "fields": {"student": 8, "father_name": "Bikram Tamrakar", "mother_name": "Anita Tamrakar", "parent_address": "Pokhara", "parent_state": "Gandaki", "parent_contact_no": "9801000005", "parent_additional_contact_no": "0", "parent_email": "Bikram@gmail.com"}}, {"model": "core.parent", "pk": 9, "fields": {"student": 11, "father_name": "Rajesh Bhandari", "mother_name": "Anu Bhandari", "parent_address": "Lalitpur", "parent_state": "Bagmati", "parent_contact_no": "9801000008", "parent_additional_contact_no": "0", "parent_email": "Rajesh@gmail.com"}}, {"model": "core.parent", "pk": 12, "fields": {"student": 14, "father_name": "KushalFather", "mother_name": "KushalMother", "parent_address": "Butw", "parent_state": "Province 1", "parent_contact_no": "hhh", "parent_additional_contact_no": "0", "parent_email": "asd@asd.com"}}, {"model": "core.parent", "pk": 13, "fields": {"student": 15, "father_name": "StudentFather", "mother_name": "StudentName", "parent_address": "Test", "parent_state": "Gandaki", "parent_contact_no": "2132", "parent_additional_contact_no": "0", "parent_email": "abc@ab.com"}}, {"model": "core.teacher", "pk": 1, "fields": {"TRN": "1", "user": 13, "first_name": "Carl", "middle_name": "", "last_name": "Karlson", "DOB": "2000-01-01", "address": "Pokhara", "contact_no": "98005200001", "gender": "Male"}}, {"model": "core.teacher", "pk": 2, "fields": {"TRN": "2", "user": 14, "first_name": "Ram", "middle_name": "", "last_name": "Sharma", "DOB": "2000-01-01", "address": "Pokhara", "contact_no": "9800000002", "gender": "Male"}}, {"model": "core.teacher", "pk": 3, "fields": {"TRN": "3", "user": 15, "first_name": "Shraddha", "middle_name": "", "last_name": "Rimal", "DOB": "2000-01-01", "address": "Pokhara", "contact_no": "9800000003", "gender": "Female"}}, {"model": "core.teacher", "pk": 4, "fields": {"TRN": "4", "user": 16, "first_name": "Rama", "middle_name": "", "last_name": "KC", "DOB": "2000-01-01", "address": "Pokhara", "contact_no": "9800000004", "gender": "Female"}}, {"model": "core.teacher", "pk": 5, "fields": {"TRN": "5", "user": 17, "first_name": "Prabesh", "middle_name": "", "last_name": "Sharma", "DOB": "2000-01-01", "address": "Pokhara", "contact_no": "9800000005", "gender": "Male"}}, {"model": "core.teacher", "pk": 6, "fields": {"TRN": "6", "user": 18, "first_name": "Pradeep", "middle_name": "", "last_name": "Karki", "DOB": "2000-01-01", "address": "Pokhara", "contact_no": "9800000006", "gender": "Male"}}, {"model": "core.teacher", "pk": 7, "fields": {"TRN": "7", "user": 19, "first_name": "Pranaya", "middle_name": "", "last_name": "Guvaju", "DOB": "2000-01-01", "address": "Pokhara", "contact_no": "9800000007", "gender": "Male"}}, {"model": "core.teacher", "pk": 8, "fields": {"TRN": "8", "user": 20, "first_name": "Aanchal", "middle_name": "", "last_name": "Sharma", "DOB": "2000-01-01", "address": "Pokhara", "contact_no": "9800000008", "gender": "Female"}}, {"model": "core.teacher", "pk": 11, "fields": {"TRN": "132", "user": 3, "first_name": "Mishan", "middle_name": "", "last_name": "Khatri", "DOB": "2000-01-01", "address": "Pokhara", "contact_no": "98271506", "gender": "Male"}}, {"model": "core.teacher", "pk": 12, "fields": {"TRN": "12", "user": 4, "first_name": "Anu", "middle_name": "", "last_name": "Adhikari", "DOB": "2001-05-18", "address": "In my heart", "contact_no": "9827150647", "gender": "Female"}}, {"model": "core.teacher", "pk": 14, "fields": {"TRN": "12312", "user": 7, "first_name": "3123123", "middle_name": "312312", "last_name": "weqweq", "DOB": "2022-02-10", "address": "asdasdasd", "contact_no": "132", "gender": "Male"}}, {"model": "core.assignteachertosubjects", "pk": 1, "fields": {"teacher": 12, "grade": 16, "subject": 2}}, {"model": "core.assignteachertosubjects", "pk": 2, "fields": {"teacher": 11, "grade": 16, "subject": 2}}, {"model": "core.assignteachertosubjects", "pk": 4, "fields": {"teacher": 1, "grade": 16, "subject": 5}}, {"model": "core.assignteachertosubjects", "pk": 5, "fields": {"teacher": 2, "grade": 16, "subject": 6}}, {"model": "core.assignteachertosubjects", "pk": 6, "fields": {"teacher": 3, "grade": 16, "subject": 7}}, {"model": "core.assignteachertosubjects", "pk": 7, "fields": {"teacher": 4, "grade": 16, "subject": 8}}, {"model": "core.assignteachertosubjects", "pk": 8, "fields": {"teacher": 5, "grade": 16, "subject": 9}}, {"model": "core.assignteachertosubjects", "pk": 9, "fields": {"teacher": 7, "grade": 16, "subject": 10}}, {"model": "core.assignteachertosubjects", "pk": 10, "fields": {"teacher": 8, "grade": 16, "subject": 11}}, {"model": "core.assignteachertosubjects", "pk": 11, "fields": {"teacher": 6, "grade": 16, "subject": 12}}, {"model": "core.assignteachertosubjects", "pk": 12, "fields": {"teacher": 12, "grade": 16, "subject": 12}}, {"model": "core.assignteachertosubjects", "pk": 13, "fields": {"teacher": 1, "grade": 16, "subject": 10}}, {"model": "core.assignteachertosubjects", "pk": 14, "fields": {"teacher": 1, "grade": 16, "subject": 5}}, {"model": "core.assignteachertosubjects", "pk": 15, "fields": {"teacher": 11, "grade": 15, "subject": 2}}, {"model": "core.assignteachertosubjects", "pk": 16, "fields": {"teacher": 11, "grade": 16, "subject": 6}}, {"model": "core.assignteachertosubjects", "pk": 17, "fields": {"teacher": 11, "grade": 12, "subject": 35}}, {"model": "core.assignteachertosubjects", "pk": 18, "fields": {"teacher": 11, "grade": 13, "subject": 34}}, {"model": "core.adminannouncement", "pk": 1, "fields": {"type": "Academic", "title": "Attention", "details": "All of you give me attention.  I am Admin giving Attention Notice to you.  Type is Academic", "created_by": 1, "created_at": "2022-02-11T14:45:44.024Z", "announcement_for": "all", "files_by_admin": "admin_announcements/Class_Management_System.docx"}}, {"model": "core.adminannouncement", "pk": 2, "fields": {"type": "Other", "title": "Test", "details": "dddddddddddddddddddddddd dddddddddddddddddddsfjas dihjashahs h   uha u ud uash  asd habsdhaavs u dahsdbh", "created_by": 23, "created_at": "2022-02-11T15:00:35.562Z", "announcement_for": "teachers", "files_by_admin": ""}}, {"model": "core.adminannouncement", "pk": 3, "fields": {"type": "Admission", "title": "Admission Reopen", "details": "Admission Reopen!!!", "created_by": 23, "created_at": "2022-02-11T17:51:23.123Z", "announcement_for": "teachers", "files_by_admin": "admin_announcements/Class_Management_System_7m0PDgb.docx"}}, {"model": "core.adminannouncement", "pk": 5, "fields": {"type": "Other", "title": "Other Test", "details": "Testing", "created_by": 2, "created_at": "2022-02-11T18:02:59.386Z", "announcement_for": "teachers", "files_by_admin": "admin_announcements/Class_Management_System_2.docx"}}, {"model": "core.adminannouncement", "pk": 6, "fields": {"type": "Academic", "title": "Test", "details": "Testing", "created_by": 1, "created_at": "2022-02-12T06:50:51.683Z", "announcement_for": "teachers", "files_by_admin": ""}}]